Frame Range Start, Frame Range End, Configuration, Average Energy
(0, 1950, (0.01, 700), 4.610137246049662),
(1950, 7800, (0.02, 3000), 4.737308776978413),
(7800, 9750, (0.02, 2700), 4.892833675564678),
(9750, 11700, (0.04, 1900), 4.853264887063653),
(11700, 13650, (0.03, 3000), 4.975741544885177),
(13650, 15600, (0.02, 2700), 4.8555437759336115),
(15600, 17400, (0.01, 3000), 4.723193302540415),
(17550, 18017, (0.03, 3000), 4.797547787610618),
